20240616,MONOEYES,Between Black And Glay Tour,0
20240617,ストレイテナー,ROCKSTEADY - Black,0
20240618,ストレイテナー,BASE BALL T - Glay,0
20240619,ストレイテナー,Unknown t-shirt,0
20240620,ストレイテナー,20201217ONE-MAN T,0
20240621,9mm Parabellum Bullet,20th anniverary T,0
20240622,ストレイテナー,「ストレ」T,0
20240623,ストレイテナー,TITLE COMEBACK SHOW,0
20240624,ストレイテナー,BIG CITY SMALL COUNTRY,0
20240625,ストレイテナー,BROKEN SCENE TOUR2017AW,0
20240626,ストレイテナー,20th anniversary T,0
20240627,ストレイテナー,No～命の跡に咲いた花～ T,0
20240628,ストレイテナー,野音T,-0
20240629,ストレイテナー,スパイラルT,0
20240630,ストレイテナー,下北沢シェルターT,0
20240701,その他,ホリエアツシ Six String Wonder T,0
20240702,ストレイテナー,テナモバT,0
20240703,ストレイテナー,Applause T,0
20240704,ストレイテナー,STEP INTO MY WORLD Tour T1,0
20240705,ストレイテナー,LIGHT YOUR HEART UP T,0
20240706,ストレイテナー,2019幕張ワンマンT,0
20240707,ストレイテナー,2021テナマニT,0
20240708,ストレイテナー,STEP INTO MY WORLD Tour T2,0
20240709,ストレイテナー,FREE ROAD T,0
20240710,ストレイテナー,Unknown t-shirt2,0
20240711,ストレイテナー,トルネードサーファーT,0
20240712,ストレイテナー,青T,0
20240713,ストレイテナー,made in wonderfonia T,0
20240714,ストレイテナー,モザイクT,0
20240715,Nothing's Carved In Stone,2023Hand In Hand T,0
20240716,Nothing's Carved In Stone,Cryng Skull T,0
20240717,Nothing's Carved In Stone,PARALLEL LIVES再現 T,0
20240718,Nothing's Carved In Stone,Bloom In the Rain T,0